{"time_last_update":1774955845,"weights":{"frec":0.7,"rece":0.3},"init_weights":{"frec":0.7,"rece":0.3},"norms":{"rece":{"beta":0.001,"mean":2.0869791725817155,"var":1.5157413828300585},"frec":{"beta":0.001,"mean":20743.06019022133,"var":79.80408262665931}},"score_map":{"uAO4L8_j-tFv":{"frec":11.523139156787893,"rece":6.342838480384177,"final":9.969048953866777},"gQhYv0eZAS5p":{"frec":3.239538289099067,"rece":1.519477006248532,"final":2.7235199042439064}}}